{"cameraMode":{"drawMode":0,"name":"Shaded","section":"Shading Mode"},"sceneLighting":false,"audioPlay":false,"sceneViewState":{"showFog":true,"showMaterialUpdate":false,"showSkybox":true,"showFlares":true,"showImageEffects":true,"showParticleSystems":true},"in2DMode":false,"pivot":{"x":1.4492125511169434,"y":-4.778126239776611,"z":45.35639953613281},"rotation":{"x":-0.06326711177825928,"y":-0.005392728839069605,"z":0.00033889725455082953,"w":-0.9979899525642395},"size":63.054962158203128,"orthographic":false}