{"cameraMode":{"drawMode":0,"name":"Shaded","section":"Shading Mode"},"sceneLighting":false,"audioPlay":false,"sceneViewState":{"showFog":true,"showMaterialUpdate":false,"showSkybox":false,"showFlares":true,"showImageEffects":true,"showParticleSystems":true},"in2DMode":false,"pivot":{"x":3.440000057220459,"y":1.6100000143051148,"z":0.0},"rotation":{"x":-0.06326711177825928,"y":-0.005392728839069605,"z":0.00033889725455082953,"w":-0.9979899525642395},"size":1.4753539562225342,"orthographic":false}